yr,mo,period,Treatment_Number,plot,stake,east,north,species,sex,reprod,vagina,nipples,pregnant,wgt,tag,note2,ltag,note3,note5
2005,8,326,1,1,36,681238.103,3535269.139,NAO,F,,,,,172,2A1024,*,0,,
2006,1,332,1,1,37,681244.259,3535269.457,NAO,F,,,E,,208,2A1024,,0,,
2006,5,336,1,1,37,681244.259,3535269.457,NAO,F,,,E,,196,2A1024,,0,,
2001,5,276,1,1,37,681244.259,3535269.457,NAO,M,,,,,94,,,0,,E
2001,10,281,1,1,47,681244.481,3535263.106,NAO,M,,,,,188,796,,0,,
2008,6,362,1,1,47,681244.481,3535263.106,NAO,M,,,,,230,918,,919,,
2007,8,351,1,1,47,681244.481,3535263.106,NAO,F,,,,,264,7A5D74,,,,
2009,12,380,1,1,47,681244.481,3535263.106,NAO,M,,,,,192,000956,,000919,,
2006,3,333,1,1,47,681244.481,3535263.106,NAO,F,,,E,,180,2A1024,,0,,
2008,6,361,1,1,47,681244.481,3535263.106,NAO,M,,,,,240,918,,919,,
2008,2,357,1,1,47,681244.481,3535263.106,NAO,F,,,,,270,7A5D74,,,,
2009,2,370,1,1,47,681244.481,3535263.106,NAO,M,,,,,268,,,919,,
2002,5,288,1,1,47,681244.481,3535263.106,NAO,M,,,,,205,715,,0,,
2009,9,377,1,1,47,681244.481,3535263.106,NAO,M,,,,,225,000956,,000919,,
2009,6,374,1,1,47,681244.481,3535263.106,NAO,M,,,,,230,000956,*,000919,,
2004,6,313,1,1,47,681244.481,3535263.106,NAO,M,J,,,,83,592B37,*,0,,
2000,9,269,1,1,47,681244.481,3535263.106,NAO,M,,,,,171,639,*,0,,
2008,3,358,1,1,47,681244.481,3535263.106,NAO,M,,,,,238,918,*,919,*,
2001,9,280,1,1,46,681238.268,3535263.069,NAO,M,,,,,187,796,*,0,,
2007,11,354,1,1,41,681207.417,3535262.895,NAO,F,,,,,270,7A5D74,,,,
2007,1,344,1,1,52,681213.654,3535256.386,NAO,F,,,E,,226,2A1024,,,,
2007,9,352,1,1,56,681238.301,3535256.891,NAO,F,,,,,238,7A5D74,,,,
2008,12,368,1,1,57,681244.668,3535257.056,NAO,M,,,,,256,,,919,,
2001,5,276,1,1,57,681244.668,3535257.056,NAO,F,,,E,,171,618,*,,,
2002,5,288,1,1,57,681244.668,3535257.056,NAO,F,,,,,138,771,*,0,,
2001,12,283,1,1,57,681244.668,3535257.056,NAO,M,,,,,231,796,,0,,
2002,4,287,1,1,57,681244.668,3535257.056,NAO,M,,,,,227,715,*,0,,E
2001,6,277,1,1,57,681244.668,3535257.056,NAO,F,,,E,,159,618,,0,,
2003,2,296,1,1,57,681244.668,3535257.056,NAO,F,,,,,194,709,,0,,
2007,6,349,1,1,66,681238.427,3535250.564,NAO,F,,,E,,244,7A5D74,*,,,
2003,6,301,1,1,64,681226.021,3535250.528,NAO,F,,,E,,165,709,,0,,
2006,5,336,1,1,73,681219.928,3535244.066,NAO,M,J,,,,58,4B0175,*,0,,
2007,4,347,1,1,77,681244.686,3535244.516,NAO,F,,,E,,242,2A1024,,,,
2002,12,294,1,1,77,681244.686,3535244.516,NAO,F,,,E,,196,709,*,0,,
2003,11,306,1,1,77,681244.686,3535244.516,NAO,F,,,E,,174,709,,0,,
2007,5,348,1,2,11,681282.383,3535282.931,NAO,F,,,,,154,,,,,
2008,5,360,1,2,16,681313.302,3535283.663,NAO,F,,,,,130,913,*,914,*,
2000,1,261,1,2,16,681313.302,3535283.663,NAO,F,,,E,,181,,,0,,
2009,3,371,1,2,16,681313.302,3535283.663,NAO,F,,,E,,170,000913,,000914,,
2009,8,376,1,2,16,681313.302,3535283.663,NAO,F,,,E,,182,000913,,000916,,
2009,10,378,1,2,17,681319.771,3535283.868,NAO,F,,,,,160,000913,,000914,,
2000,3,263,1,2,17,681319.771,3535283.868,NAO,M,,,,,184,544,*,0,,
2000,12,271,1,2,17,681319.771,3535283.868,NAO,F,,,,,173,535,,0,,
2000,6,265,1,2,17,681319.771,3535283.868,NAO,F,,,,,158,535,,0,,
2001,6,277,1,2,17,681319.771,3535283.868,NAO,F,,,,,173,637,,0,,
2009,2,370,1,2,17,681319.771,3535283.868,NAO,F,,,E,,172,913,,914,,
2009,4,372,1,2,17,681319.771,3535283.868,NAO,F,,,E,,158,000913,,000914,,
2000,11,270,1,2,17,681319.771,3535283.868,NAO,F,,,E,P,200,535,,0,,
2002,3,286,1,2,27,681320.188,3535277.513,NAO,M,,,,,136,786,,0,,
2003,7,302,1,2,27,681320.188,3535277.513,NAO,F,,,,,130,0C107E,*,0,,
2002,6,289,1,2,27,681320.188,3535277.513,NAO,F,,,,,139,790,*,0,,
2008,10,366,1,2,26,681313.751,3535277.325,NAO,F,,,,,,916,,,,E
2008,12,368,1,2,26,681313.751,3535277.325,NAO,F,,,E,,168,913,,914,,
2001,1,272,1,2,26,681313.751,3535277.325,NAO,F,,,E,,158,535,,0,,
2008,2,357,1,2,26,681313.751,3535277.325,NAO,F,,,E,,212,43757E,,,,
2008,9,365,1,2,25,681307.474,3535277.201,NAO,F,,,E,,170,913,,914,,
2009,1,369,1,2,35,681307.488,3535271.816,NAO,F,,,,,164,913,,914,,
2001,1,272,1,2,36,681313.684,3535272.025,NAO,M,,,,,121,240F08,*,0,,
2006,10,341,1,2,37,681320.142,3535272.214,NAO,M,,,,,210,455046,*,0,,
2008,11,367,1,2,37,681320.142,3535272.214,NAO,F,,,E,,170,913,,914,,
2000,2,262,1,2,37,681320.142,3535272.214,NAO,F,,,E,,185,27,,0,,
2001,11,282,1,2,47,681320.378,3535265.086,NAO,F,,,,,119,786,*,0,,
2002,11,293,1,2,46,681313.936,3535264.884,NAO,M,,,,,238,715,,0,,
2002,2,285,1,2,46,681313.936,3535264.884,NAO,M,,,,,120,786,,0,,
2002,3,286,1,2,46,681313.936,3535264.884,NAO,F,,,,,196,764,,0,,
2002,10,292,1,2,45,681307.428,3535263.914,NAO,M,,,,,226,715,,0,,
2007,8,351,1,2,41,681282.798,3535263.925,NAO,F,,,E,,200,43757E,*,,,
2005,12,330,1,2,55,681307.359,3535258.498,NAO,M,,,,,124,213055,*,0,,
2001,8,279,1,2,57,681320.355,3535259.102,NAO,F,,,E,,193,637,,0,,
2001,12,283,1,2,57,681320.355,3535259.102,NAO,F,,,,,126,786,,0,,
2000,1,261,1,2,57,681320.355,3535259.102,NAO,F,,,,,137,586,,0,,
2003,3,298,1,2,57,681320.355,3535259.102,NAO,M,,,,,174,6C5232,*,0,,
2002,12,294,1,2,57,681320.355,3535259.102,NAO,M,,,,,248,715,,0,,
2001,11,282,1,2,57,681320.355,3535259.102,NAO,F,,,,,213,764,*,0,,
2001,4,275,1,2,67,681320.572,3535252.634,NAO,F,,,,,145,637,*,0,,
2002,4,287,1,2,67,681320.572,3535252.634,NAO,F,,,E,,149,,,0,,E
2003,5,300,1,2,64,681301.431,3535252.109,NAO,M,,,,,120,7671,,0,,
2008,6,361,1,2,63,681295.436,3535251.847,NAO,M,,,,,232,455046,,,,
2004,12,319,1,2,62,681289.264,3535251.601,NAO,M,,,,,139,738,,753,,
2004,10,317,1,2,71,681283.161,3535245.256,NAO,F,,,B,,189,1709,,,,
2004,6,313,1,2,71,681283.161,3535245.256,NAO,M,,,,,212,49660C,,0,,
2004,5,312,1,2,71,681283.161,3535245.256,NAO,F,,,E,,186,709,,0,,
2004,2,309,1,2,71,681283.161,3535245.256,NAO,F,,,E,,192,709,,0,,
2007,4,347,1,2,71,681283.161,3535245.256,NAO,M,,,,,250,455046,,,,
2003,12,307,1,2,71,681283.161,3535245.256,NAO,F,,,E,,182,709,,0,,
2003,11,306,1,2,71,681283.161,3535245.256,NAO,M,,,,,168,4E0A73,*,0,,
2003,7,302,1,2,71,681283.161,3535245.256,NAO,F,,,E,,190,709,,0,,
2003,5,300,1,2,71,681283.161,3535245.256,NAO,F,,,E,,192,709,,0,,
2002,12,295,1,2,71,681283.161,3535245.256,NAO,F,,,E,,,709,,0,,
2002,5,288,1,2,71,681283.161,3535245.256,NAO,F,,,,,188,46,,0,,
2009,9,377,1,2,71,681283.161,3535245.256,NAO,F,,,,,172,000913,,000914,,
2008,11,367,1,2,71,681283.161,3535245.256,NAO,F,,,E,,218,926,*,927,*,
2003,5,299,1,2,71,681283.161,3535245.256,NAO,M,,,,,94,7671,*,0,,
2001,5,276,1,2,71,681283.161,3535245.256,NAO,M,,,,,135,605,*,0,,
2008,9,365,1,2,71,681283.161,3535245.256,NAO,M,,,,,244,455046,,,,
2003,3,298,1,2,71,681283.161,3535245.256,NAO,F,,,E,,188,709,,0,,
2009,1,369,1,2,72,681289.665,3535245.266,NAO,M,,,,,252,455046,,,,
2001,10,281,1,2,72,681289.665,3535245.266,NAO,F,J,,,,72,372268,*,0,,
2008,1,356,1,2,72,681289.665,3535245.266,NAO,M,,,,,266,455046,,,,
2007,2,345,1,2,72,681289.665,3535245.266,NAO,M,,,,,240,455046,,,,
2003,10,305,1,2,72,681289.665,3535245.266,NAO,F,,,E,,186,709,,0,,
2002,1,284,1,2,72,681289.665,3535245.266,NAO,,,,,,,,,,,E
2003,5,299,1,2,72,681289.665,3535245.266,NAO,F,,,E,,186,709,,0,,
2004,1,308,1,2,72,681289.665,3535245.266,NAO,F,,,E,,170,709,,0,,
2008,6,362,1,2,72,681289.665,3535245.266,NAO,M,,,,,212,455046,,,,
2005,1,320,1,2,72,681289.665,3535245.266,NAO,F,,,,,150,746,,740,,
2008,3,358,1,2,72,681289.665,3535245.266,NAO,M,,,,,264,455046,,,,
2001,3,274,1,2,72,681289.665,3535245.266,NAO,F,,,B,P,252,535,,0,,
2007,12,355,1,2,72,681289.665,3535245.266,NAO,M,,,,,254,455046,,,,
2000,2,262,1,2,72,681289.665,3535245.266,NAO,F,,,E,,144,535,*,0,,
2009,2,370,1,2,72,681289.665,3535245.266,NAO,M,,,,,248,455046,,,,
2008,5,360,1,2,72,681289.665,3535245.266,NAO,M,,,,,234,455046,,,,
2009,7,375,1,2,73,681295.364,3535245.413,NAO,F,,,,,176,000913,,000914,,
2004,4,311,1,2,73,681295.364,3535245.413,NAO,F,,,E,,204,709,,0,,
2004,6,313,1,2,73,681295.364,3535245.413,NAO,F,,,E,,207,709,,0,,
2001,12,283,1,2,73,681295.364,3535245.413,NAO,F,,,,,198,764,,0,,
2000,11,270,1,2,73,681295.364,3535245.413,NAO,M,,,,,228,639,,0,,
2005,1,320,1,2,73,681295.364,3535245.413,NAO,M,,,,,166,738,,753,,
2000,1,261,1,2,73,681295.364,3535245.413,NAO,M,,,,,265,597,,490,,
2008,10,366,1,2,73,681295.364,3535245.413,NAO,M,,,,,252,455046,,,,
2008,11,367,1,2,73,681295.364,3535245.413,NAO,M,,,,,256,455046,,,,
2007,11,354,1,2,74,681301.634,3535245.835,NAO,M,,,,,262,455046,,,,
2007,5,348,1,2,74,681301.634,3535245.835,NAO,M,,,,,228,455046,,,,
2009,8,376,1,2,75,681307.824,3535246.046,NAO,M,,,,,252,000956,,000919,,
2009,3,371,1,2,75,681307.824,3535246.046,NAO,M,,,,,248,455046,,,,
2008,2,357,1,2,75,681307.824,3535246.046,NAO,M,,,,,268,455046,,,,
2002,4,287,1,2,76,681314.023,3535246.039,NAO,F,,,,,190,,,,,E
2000,2,262,1,2,76,681314.023,3535246.039,NAO,,,,,,183,,,,,E
2000,3,263,2,3,31,681356.749,3535272.744,NAO,F,,,E,,171,27,,0,,
2007,9,352,3,5,37,681546.078,3535285.424,NAO,F,,,E,,200,,,,,R
2007,11,354,3,5,57,681546.357,3535272.758,NAO,F,,,E,,270,,,,,R
2009,4,372,3,5,77,681546.502,3535260.344,NAO,F,,,E,,174,,,,,R
2002,2,285,2,6,17,681620.994,3535310.521,NAO,F,,,E,,180,,,0,,E
2008,3,358,2,6,66,681614.035,3535278.322,NAO,F,,E,,,240,916,*,917,*,
2007,10,353,2,6,64,681601.707,3535277.891,NAO,M,,,,,258,922,*,923,*,
2007,5,348,2,6,61,681583.017,3535277.331,NAO,F,,,,,162,,,,,
2001,10,281,2,6,77,681621.089,3535272.045,NAO,M,,,,,178,,,0,,
2002,3,286,2,6,77,681621.089,3535272.045,NAO,F,,,,,188,119,*,0,,
2002,7,290,2,6,77,681621.089,3535272.045,NAO,,,,,,,,,,,E
2002,7,290,3,24,15,681710.667,3535257.747,NAO,F,,,,,90,,,0,,R
2003,3,297,3,24,17,681723.411,3535258.43,NAO,M,,,,,191,,,0,,R
2002,10,292,3,24,17,681723.411,3535258.43,NAO,M,,,,,194,,,0,,R
2001,8,279,3,24,17,681723.411,3535258.43,NAO,M,,,,,171,,,0,,R
2001,10,281,3,24,17,681723.411,3535258.43,NAO,M,,,,,187,613,,0,,
2001,9,280,3,24,17,681723.411,3535258.43,NAO,M,,,,,185,,,0,,R
2007,11,354,3,24,25,681710.949,3535251.435,NAO,M,,,,,270,734464,,,,R
2005,6,324,3,24,31,681685.694,3535244.007,NAO,F,,,E,,,607613,*,0,,R
2007,10,353,3,24,35,681711.16,3535245.455,NAO,M,,,,,192,,,,,R
2002,7,290,3,24,57,681724.239,3535233.944,NAO,,,,,,,,,,,R
2007,11,354,3,24,57,681724.239,3535233.944,NAO,F,,,E,,178,,,,,R
2001,9,280,3,24,67,681724.559,3535227.806,NAO,M,,,,,197,613,,0,,R
2009,5,373,3,24,76,681718.05,3535221.131,NAO,F,,,E,,170,,,,,R
2003,9,304,3,24,77,681724.764,3535221.633,NAO,F,,,,,137,63382D,*,0,,R
2001,7,278,1,9,17,681427.418,3535173.312,NAO,,J,,,,95,5A5E28,*,0,,
2005,7,325,1,9,71,681389.746,3535135.123,NAO,M,,,,,120,6C0F29,*,0,,
2007,10,353,1,11,27,681577.209,3535193.069,NAO,M,,,,,186,921,*,920,*,
2008,4,359,1,11,77,681578.107,3535161.537,NAO,M,,,,,188,921,,915,,
2000,7,267,1,12,11,681614.849,3535213.9,NAO,,,,,,175,,,,,E
2007,8,351,1,12,16,681645.755,3535215.053,NAO,F,,,E,,172,0C7B55,,,,
2007,11,354,1,12,17,681651.821,3535215.389,NAO,M,,,,,240,4A3D3A,,,,
2007,3,346,1,12,17,681651.821,3535215.389,NAO,F,,,E,,146,,,,,
2006,12,343,1,12,17,681651.821,3535215.389,NAO,M,,,,,204,734464,*,0,,
2009,4,372,1,12,27,681651.967,3535209.041,NAO,F,J,,,,64,000952,*,000951,*,
2003,6,301,1,12,24,681633.226,3535208.705,NAO,F,,,B,,182,634,,0,,
2001,5,276,1,12,23,681627.277,3535208.25,NAO,F,,,,,204,623,,0,,
2008,9,365,1,12,23,681627.277,3535208.25,NAO,F,,,,,156,902,,901,,
2001,3,274,1,12,23,681627.277,3535208.25,NAO,F,,,E,P,207,623,,0,,E
2008,11,367,1,12,23,681627.277,3535208.25,NAO,F,,,,,142,902,,901,,
2008,8,364,1,12,23,681627.277,3535208.25,NAO,F,,,,,142,902,,901,,
2007,6,349,1,12,23,681627.277,3535208.25,NAO,M,,,,,244,637617,,,,
2003,2,296,1,12,23,681627.277,3535208.25,NAO,F,,,E,,190,634,,767,,
2003,11,306,1,12,23,681627.277,3535208.25,NAO,M,,,,,204,330D19,*,0,,
2008,5,360,1,12,23,681627.277,3535208.25,NAO,M,,,,,222,4A3D3A,,,,
2003,2,296,1,12,22,681620.722,3535208.02,NAO,F,J,,,,76,220A1C,*,0,,
2007,2,345,1,12,22,681620.722,3535208.02,NAO,M,,,,,246,,,,,
2007,12,355,1,12,22,681620.722,3535208.02,NAO,M,,,,,260,4A3D3A,,,,
2004,2,309,1,12,22,681620.722,3535208.02,NAO,M,,,,,150,49660C,,0,,
2002,12,295,1,12,22,681620.722,3535208.02,NAO,F,,,E,,200,634,,767,,
2002,11,293,1,12,22,681620.722,3535208.02,NAO,F,,,B,,188,764,,0,,
2001,11,282,1,12,22,681620.722,3535208.02,NAO,M,,,,,280,702,*,0,,
2009,5,373,1,12,22,681620.722,3535208.02,NAO,F,,,E,,160,000902,,000901,,
2003,3,297,1,12,22,681620.722,3535208.02,NAO,F,,,E,,182,634,,0,,
2006,1,332,1,12,22,681620.722,3535208.02,NAO,M,,,,,216,637617,*,0,,
2002,10,292,1,12,21,681614.784,3535207.545,NAO,F,,,E,,200,764,,0,,
2002,7,290,1,12,31,681614.822,3535200.991,NAO,F,,,E,,164,763,*,0,,
2001,6,277,1,12,31,681614.822,3535200.991,NAO,F,J,,,,,,,,,E
2000,8,268,1,12,31,681614.822,3535200.991,NAO,F,,,E,,173,623,,0,,
2007,10,353,1,12,31,681614.822,3535200.991,NAO,M,,,,,220,4A3D3A,,,,
2003,7,302,1,12,31,681614.822,3535200.991,NAO,F,,,E,,206,634,,0,,
2002,12,294,1,12,31,681614.822,3535200.991,NAO,F,,,E,,212,634,,0,,
2007,8,351,1,12,31,681614.822,3535200.991,NAO,M,,,,,214,4A3D3A,*,,,
2009,2,370,1,12,31,681614.822,3535200.991,NAO,F,,,,,168,902,,901,,
2009,6,374,1,12,31,681614.822,3535200.991,NAO,F,,,,,166,000902,,000901,,
2008,6,361,1,12,32,681621.092,3535200.895,NAO,M,,,,,214,4A3D3A,,,,
2000,12,271,1,12,32,681621.092,3535200.895,NAO,F,,,E,,212,623,,0,,
2009,1,369,1,12,32,681621.092,3535200.895,NAO,F,,,,,140,902,,901,,
2001,6,277,1,12,33,681627.236,3535201.733,NAO,F,,,E,,221,623,,0,,
2000,9,269,1,12,33,681627.236,3535201.733,NAO,F,,,E,,164,623,,0,,
2009,4,372,1,12,35,681639.678,3535202.642,NAO,F,,,E,,154,000902,,000901,,
2007,6,349,1,12,37,681652.017,3535203.27,NAO,F,,,,,202,0C7B55,*,,,
2003,5,299,1,12,47,681652.335,3535196.674,NAO,,,,,,,634,,0,,E
2007,7,350,1,12,47,681652.335,3535196.674,NAO,F,,,E,,164,0C7B55,,,,
2007,2,345,1,12,47,681652.335,3535196.674,NAO,F,,,,,146,,,,,
2003,8,303,1,12,46,681646.031,3535196.461,NAO,M,J,,,,58,2D5F69,*,0,,
2003,3,298,1,12,45,681639.657,3535196.145,NAO,F,,,E,,184,634,,767,,
2002,9,291,1,12,45,681639.657,3535196.145,NAO,F,,,E,,210,764,*,0,,
2005,11,329,1,12,42,681621,3535195.56,NAO,M,,,,,,,,0,,
2000,4,264,1,12,41,681614.727,3535194.917,NAO,F,,,E,,,623,,0,,
2000,6,265,1,12,51,681615.189,3535188.338,NAO,,,,,,,,,,,E
2006,11,342,1,12,57,681652.362,3535190.224,NAO,,,,,,132,,,,,E
2009,3,371,1,12,57,681652.362,3535190.224,NAO,F,,,E,,168,000902,,000901,,
2000,11,270,1,12,66,681646.111,3535183.996,NAO,F,,,,,190,623,,0,,
2007,5,348,1,12,77,681652.419,3535177.117,NAO,F,,,E,,164,,,,,
2008,3,358,2,19,14,681690.48,3535132.752,NAO,F,,,,,188,0C7B55,,,,
2007,11,354,2,19,14,681690.48,3535132.752,NAO,,,,,,,,,,,E
2009,5,373,2,19,14,681690.48,3535132.752,NAO,M,,,,,206,000954,*,000953,*,
2008,11,367,2,19,14,681690.48,3535132.752,NAO,F,,,,,184,0C7B55,,,,
2008,5,360,2,19,24,681691.109,3535126.823,NAO,F,,,E,,176,0C7B55,,,,
2008,6,361,2,19,34,681691.493,3535120.402,NAO,F,,,,,96,902,*,901,*,E
2008,2,357,2,19,34,681691.493,3535120.402,NAO,F,,,,,208,0C7B55,,,,
2008,10,366,2,19,35,681697.758,3535120.571,NAO,F,,,,,184,0C7B55,,,,
2008,6,361,2,19,35,681697.758,3535120.571,NAO,F,,,,,172,0C7B55,,,,
2008,6,362,2,19,35,681697.758,3535120.571,NAO,F,,,,,180,0C7B55,,,,
2008,9,365,2,19,35,681697.758,3535120.571,NAO,F,,,,,184,0C7B55,,,,
2007,11,354,2,19,37,681710.07,3535121.002,NAO,F,,,,,140,0A2914,,,,
2007,10,353,2,19,37,681710.07,3535121.002,NAO,F,,,,,148,0A2914,,,,
2008,1,356,2,19,47,681710.777,3535114.863,NAO,,,,,,,,,,,E
2009,3,371,2,19,45,681698.259,3535114.49,NAO,F,,,,,182,0C7B55,,,,
2008,4,359,2,19,45,681698.259,3535114.49,NAO,F,,,E,,196,0C7B55,,,,
2009,4,372,2,19,44,681691.912,3535114.365,NAO,F,,,,,176,0C7B55,,,,
2007,9,352,2,19,65,681699.256,3535101.627,NAO,M,,,,,134,0A2914,*,,,
2003,5,300,2,18,37,681643.136,3535083.474,NAO,F,,,E,,191,742,,0,,
2003,6,301,2,18,37,681643.136,3535083.474,NAO,M,,,,,130,2B6012,*,0,,
2003,3,297,2,18,37,681643.136,3535083.474,NAO,F,,,,,175,742,,0,,
2002,12,295,2,18,37,681643.136,3535083.474,NAO,F,,,,,150,742,,0,,
2004,1,308,2,18,47,681643.14,3535076.871,NAO,M,,,,,142,49660C,*,0,,
2003,3,298,2,18,47,681643.14,3535076.871,NAO,F,,,E,,150,742,,0,,
2003,8,303,2,18,56,681637.476,3535070.203,NAO,M,,,,,152,2B6012,,0,,
2002,12,294,2,18,57,681643.309,3535070.835,NAO,F,,,,,154,742,*,0,,
2008,6,362,2,18,65,681630.84,3535064.063,NAO,M,,,,,170,903,*,904,,
2002,4,287,1,17,64,681550.005,3535061.635,NAO,F,,,E,,174,703,,0,,
2002,9,291,1,17,62,681537.427,3535061.102,NAO,M,,,,,162,711,*,0,,
2002,2,285,1,17,62,681537.427,3535061.102,NAO,F,,,E,,154,703,,0,,
2001,11,282,1,17,61,681531.171,3535060.798,NAO,F,,,E,,158,703,*,0,,
2002,10,292,1,17,72,681537.45,3535054.918,NAO,M,,,,,200,711,,0,,
2003,7,302,1,17,72,681537.45,3535054.918,NAO,M,,,,,118,0B3509,*,0,,
2001,12,283,1,17,72,681537.45,3535054.918,NAO,F,,,,,156,703,,0,,
2001,5,276,1,17,72,681537.45,3535054.918,NAO,M,,,,,127,636,*,0,,
2002,5,288,1,17,75,681556.486,3535055.869,NAO,M,,,,,169,669,,0,,
2001,11,282,1,14,35,681329.695,3535068.306,NAO,,,,,,184,,,,,E
2008,6,362,1,14,47,681342.203,3535062.83,NAO,F,,,E,,120,907,,906,,
2001,5,276,1,14,45,681329.965,3535061.79,NAO,M,,,,,80,660,*,0,,
2008,7,363,1,14,55,681330.349,3535056.118,NAO,F,,,E,,129,905,,906,,
2002,6,289,1,14,55,681330.349,3535056.118,NAO,M,,,,,203,660,,0,,
2008,5,360,1,14,55,681330.349,3535056.118,NAO,F,,,,,86,907,*,906,*,
2002,2,285,1,14,55,681330.349,3535056.118,NAO,M,,,,,222,660,,0,,
2001,10,281,1,14,65,681329.963,3535049.507,NAO,M,,,,,174,660,,0,,
2001,7,278,2,15,34,681398.168,3535071.895,NAO,F,,,E,,146,644,*,0,,
2007,9,352,2,15,34,681398.168,3535071.895,NAO,M,,,,,150,747117,*,,,
2003,3,298,2,15,61,681379.818,3535052.074,NAO,F,,,E,,166,3E4251,,0,,
2009,11,379,3,16,12,681460.421,3535089.39,NAO,F,,,,,174,,,,,R
2002,3,286,2,21,27,681570.407,3535013.114,NAO,F,,,,,168,703,,0,,
2003,5,299,2,20,11,681458.719,3535005.791,NAO,F,J,,,,76,663F51,*,0,,
2003,3,298,2,20,11,681458.719,3535005.791,NAO,F,,,E,,172,658,,0,,
2003,5,300,2,20,11,681458.719,3535005.791,NAO,F,J,,,,90,663F51,,0,,
2008,4,359,2,20,11,681458.719,3535005.791,NAO,F,,,E,,170,924,,925,,
2003,2,296,2,20,11,681458.719,3535005.791,NAO,F,,,R,,136,3E4251,,0,,
2008,5,360,2,20,11,681458.719,3535005.791,NAO,F,,,E,,102,483101,,,,
2008,11,367,2,20,11,681458.719,3535005.791,NAO,F,,,,,182,483101,,,,
2007,11,354,2,20,11,681458.719,3535005.791,NAO,F,,,,,118,924,,925,,
2006,7,338,2,20,11,681458.719,3535005.791,NAO,F,,,E,,190,68655A,,0,,
2006,3,334,2,20,11,681458.719,3535005.791,NAO,F,,,E,P,180,68655A,*,0,,
2000,1,261,2,20,11,681458.719,3535005.791,NAO,F,,,E,,174,576,,0,,
2008,9,365,2,20,11,681458.719,3535005.791,NAO,F,,,E,,176,483101,,,,
2009,7,375,2,20,11,681458.719,3535005.791,NAO,M,,,,,153,000949,*,000948,*,
2004,5,312,2,20,11,681458.719,3535005.791,NAO,F,,,E,,180,658,,0,,
2004,4,311,2,20,11,681458.719,3535005.791,NAO,M,,,,,98,300F1B,*,0,,
2001,3,273,2,20,11,681458.719,3535005.791,NAO,M,,,,,109,613,*,0,,
2008,3,358,2,20,11,681458.719,3535005.791,NAO,F,,,,,162,924,,925,,
2001,4,275,2,20,11,681458.719,3535005.791,NAO,F,,,E,,218,0D4259,,0,,
2009,1,369,2,20,11,681458.719,3535005.791,NAO,F,,,,,142,974,,,,D
2009,9,377,2,20,11,681458.719,3535005.791,NAO,M,,,,,162,000949,,000948,,
2000,3,263,2,20,12,681464.618,3535005.8,NAO,F,,,E,,160,588,*,0,,
2002,12,295,2,20,12,681464.618,3535005.8,NAO,F,,,,,148,3E4251,*,0,,
2003,5,299,2,20,12,681464.618,3535005.8,NAO,F,,,E,,176,658,,0,,
2002,3,286,2,20,12,681464.618,3535005.8,NAO,F,,,,,204,658,,0,,
2003,5,300,2,20,12,681464.618,3535005.8,NAO,M,,,,,234,1B434F,*,0,,
2008,6,361,2,20,12,681464.618,3535005.8,NAO,F,,,,,178,483101,,,,
2003,10,305,2,20,12,681464.618,3535005.8,NAO,F,,,E,,182,658,,0,,
2008,4,359,2,20,12,681464.618,3535005.8,NAO,F,,,E,,178,483101,,,,
2001,5,276,2,20,13,681470.943,3535006.002,NAO,F,,,E,,205,588,,0,,
2003,5,300,2,20,13,681470.943,3535006.002,NAO,M,J,,,,94,1A7800,*,0,,
2000,6,265,2,20,13,681470.943,3535006.002,NAO,F,,,E,,170,588,,0,,
2000,7,266,2,20,13,681470.943,3535006.002,NAO,F,,,E,,174,588,,0,,
2009,1,369,2,20,13,681470.943,3535006.002,NAO,F,,,,,198,483101,,,,
2003,7,302,2,20,13,681470.943,3535006.002,NAO,F,,,E,,195,658,,0,,
2001,9,280,2,20,14,681477.193,3535006.213,NAO,F,,,,,191,588,,0,,
2002,9,291,2,20,14,681477.193,3535006.213,NAO,F,,,B,,202,658,,0,,
2009,3,371,2,20,16,681490.599,3535006.5,NAO,F,,,E,,188,483101,,,,
2008,5,360,2,20,16,681490.599,3535006.5,NAO,M,,,,,80,909,*,910,*,
2002,10,292,2,20,17,681495.763,3535006.396,NAO,F,,,E,,190,658,,0,,
2003,3,298,2,20,17,681495.763,3535006.396,NAO,F,,,E,,160,3E4251,,0,,
2001,5,276,2,20,17,681495.763,3535006.396,NAO,M,,,,,115,617,*,0,,
2001,11,282,2,20,17,681495.763,3535006.396,NAO,F,,,,,96,588,,0,,
2003,3,298,2,20,27,681496.296,3535000.383,NAO,M,,,,,258,1B434F,*,0,,
2003,6,301,2,20,27,681496.296,3535000.383,NAO,F,,,E,,191,658,,0,,
2002,6,289,2,20,27,681496.296,3535000.383,NAO,F,,,,,164,658,,0,,
2002,4,287,2,20,21,681458.925,3534999.45,NAO,F,,,E,,170,658,,0,,
2009,8,376,2,20,21,681458.925,3534999.45,NAO,M,,,,,158,000949,,000948,,
2000,4,264,2,20,21,681458.925,3534999.45,NAO,F,,,,,,576,,0,,
2005,6,324,2,20,21,681458.925,3534999.45,NAO,F,,,B,,194,6B4F5F,,0,,
2000,9,269,2,20,21,681458.925,3534999.45,NAO,F,,,,,184,588,,0,,
2001,5,276,2,20,21,681458.925,3534999.45,NAO,F,,,E,,200,0D4259,,0,,
2000,11,270,2,20,21,681458.925,3534999.45,NAO,F,,,E,,158,0D4259,*,0,,
2001,6,277,2,20,21,681458.925,3534999.45,NAO,F,,,,,168,658,*,0,,
2008,9,365,2,20,21,681458.925,3534999.45,NAO,F,,,,,114,974,*,975,*,
2007,8,351,2,20,21,681458.925,3534999.45,NAO,F,,,,E,188,483101,*,,,
2003,3,297,2,20,21,681458.925,3534999.45,NAO,F,,,,,137,3E4251,,0,,
2008,2,357,2,20,21,681458.925,3534999.45,NAO,F,,,,,138,924,,925,,
2005,5,323,2,20,21,681458.925,3534999.45,NAO,F,,,E,,202,6B4F5F,,0,,
2007,7,350,2,20,21,681458.925,3534999.45,NAO,F,,,,,120,086A04,*,,,
2006,5,336,2,20,21,681458.925,3534999.45,NAO,F,,,E,,174,68655A,,0,,
2008,1,356,2,20,21,681458.925,3534999.45,NAO,F,,,,,132,924,,925,,
2008,5,360,2,20,21,681458.925,3534999.45,NAO,M,,,,,92,911,*,912,*,
2007,10,353,2,20,21,681458.925,3534999.45,NAO,,,,,,172,483101,,,,E
2001,11,282,2,20,31,681459.319,3534993.275,NAO,F,,,,,186,658,,0,,
2003,5,300,2,20,31,681459.319,3534993.275,NAO,F,,,E,,151,658,,0,,
2007,10,353,2,20,31,681459.319,3534993.275,NAO,F,,,,,82,924,*,925,*,
2000,3,263,2,20,31,681459.319,3534993.275,NAO,F,,,E,,208,576,,0,,
2003,7,302,2,20,51,681460.319,3534980.755,NAO,F,,,,,143,6B4F5F,*,0,,
2008,6,361,2,20,53,681472.697,3534981.291,NAO,F,,,,,170,926,*,925,*,
2008,10,366,2,20,57,681497.746,3534981.771,NAO,F,,,,,144,974,,,,
2002,5,288,2,20,66,681492.105,3534975.249,NAO,F,,,,,171,658,,0,,
2009,2,370,2,20,63,681473.41,3534974.475,NAO,F,,,E,,190,483101,,,,
2007,6,349,2,20,61,681460.814,3534973.663,NAO,,,,,,,,,,,
2007,10,353,1,1,14,681225.779,3535281.675,SF,M,,,,,60,7B701C,*,,,
2007,10,353,1,1,15,681231.824,3535281.682,SF,F,,,,,84,237A5A,*,,,
2007,11,354,1,1,26,681238.149,3535275.651,SF,M,,,,,110,043C2A,,,,
2008,9,365,1,1,26,681238.149,3535275.651,SF,F,,,,,122,6F6761,,,,
2008,8,364,1,1,25,681231.759,3535275.599,SF,F,,,,,122,6F6761,*,,,
2007,10,353,1,1,25,681231.759,3535275.599,SF,M,,,,,52,4C0613,*,,,
2007,12,355,1,2,34,681301.497,3535271.386,SF,F,,,,,90,40594B,*,,,
2003,6,301,1,2,41,681282.798,3535263.925,SF,F,,,,,74,701E33,*,0,,
2003,3,298,1,2,55,681307.359,3535258.498,SF,M,,,,,66,96375,*,0,,
2008,1,356,2,3,17,681394.341,3535286.908,SF,M,,,,,49,513D72,*,,,
2008,3,358,2,3,17,681394.341,3535286.908,SF,M,,,,,100,322679,,,,
2008,2,357,2,3,17,681394.341,3535286.908,SF,M,,,,,90,322679,,,,
2008,3,358,2,3,27,681394.178,3535280.41,SF,M,,,,,112,2A664A,*,,,
2008,6,362,2,3,27,681394.178,3535280.41,SF,F,,,,,64,4F262A,,,,
2008,5,360,2,3,27,681394.178,3535280.41,SF,M,,,,,102,2A664A,,,,
2008,6,361,2,3,26,681387.271,3535280.425,SF,F,,,,,55,004A5A,,,,
2007,10,353,2,3,33,681368.994,3535273.542,SF,F,J,,,,25,004A5A,*,,,
2008,5,360,2,3,36,681387.977,3535274.163,SF,F,,,,,55,004A5A,,,,
2007,11,354,2,3,47,681394.977,3535268.227,SF,M,,,,,90,322679,,,,
2007,10,353,2,3,47,681394.977,3535268.227,SF,F,,,,,74,1E2401,*,,,
2008,5,360,2,3,45,681382.155,3535267.596,SF,M,,,,,63,255510,,,,D
2008,2,357,2,3,52,681363.302,3535261.027,SF,F,,,,,80,7C700D,*,,,
2007,12,355,2,3,52,681363.302,3535261.027,SF,F,,,,,45,2F1627,*,,,
2008,2,357,2,3,52,681363.302,3535261.027,SF,F,,,,,60,067E6E,*,,,
2008,4,359,2,3,53,681369.228,3535261.322,SF,M,,,,,54,255510,*,,,
2003,5,299,2,3,57,681394.635,3535262.485,SF,M,,,,,68,39605C,*,0,,
2008,4,359,2,3,57,681394.635,3535262.485,SF,F,,,,,45,180054,*,,,
2007,10,353,2,3,57,681394.635,3535262.485,SF,M,,,,,78,322679,*,,,
2007,12,355,2,3,57,681394.635,3535262.485,SF,F,,,,,70,1E2401,,,,
2008,5,360,2,3,57,681394.635,3535262.485,SF,F,,,,,65,4F262A,,,,
2008,6,361,2,3,57,681394.635,3535262.485,SF,M,,,,,94,2A664A,,,,
2008,7,363,2,3,67,681395.043,3535255.542,SF,F,,,,,68,004A5A,,,,
2008,2,357,2,3,64,681376.021,3535254.446,SF,F,,,,,49,535F63,*,,,
2008,3,358,2,3,75,681382.644,3535248.39,SF,F,,,,,58,4F262A,*,,,
2007,11,354,2,3,77,681395.156,3535249.083,SF,F,,,,,78,1E2401,,,,
2003,5,299,1,4,11,681431.93,3535287.657,SF,F,,,,,90,713819,*,0,,
2003,5,300,1,4,13,681444.541,3535287.926,SF,M,J,,,,28,6B215E,*,0,,
2003,5,300,1,4,14,681450.726,3535287.943,SF,F,,,,,86,713819,,0,,
2008,4,359,1,4,14,681450.726,3535287.943,SF,M,,,,,90,322679,,,,
2008,6,361,1,4,14,681450.726,3535287.943,SF,F,,,,,70,3A3D0C,,,,
2003,3,297,1,4,17,681469.813,3535288.502,SF,F,,,,P,91,363202,*,0,,
2003,3,298,1,4,17,681469.813,3535288.502,SF,F,,,,,76,363202,,0,,
2003,7,302,1,4,17,681469.813,3535288.502,SF,M,,,,,59,316D74,*,0,,
2003,3,298,1,4,26,681463.314,3535281.593,SF,M,,,,,97,290260,*,0,,
2008,5,360,1,4,25,681457.324,3535281.577,SF,F,,,,,62,3A3D0C,*,,,
2008,5,360,1,4,24,681450.84,3535281.288,SF,M,,,,,72,26205E,*,,,
2007,9,352,1,4,47,681470.489,3535269.438,SF,M,,,,,94,3B6230,*,,,
2007,10,353,1,4,51,681432.771,3535262.237,SF,F,,,,,44,032325,*,,,
2007,9,352,1,4,56,681463.976,3535263.124,SF,M,,,,,72,206959,*,,,
2007,12,355,1,4,75,681458.373,3535250.487,SF,F,,,,,41,4B3F50,*,,,
2007,9,352,1,4,77,681471.263,3535250.836,SF,F,,,,,85,3C090D,*,,,
2008,6,361,3,5,16,681538.955,3535298.178,SF,,,,,,70,,,,,R
2008,4,359,3,5,17,681545.857,3535298.213,SF,M,,,,,65,,,,,R
2008,1,356,3,5,25,681533.109,3535291.053,SF,F,,,,,43,1B6C26,,,,R
2007,12,355,3,5,35,681533.405,3535285.087,SF,M,,,,,54,,,,,R
2007,9,352,3,5,47,681546.477,3535279.19,SF,F,,,,,124,,,,,R
2008,1,356,3,5,73,681520.967,3535259.28,SF,F,,,,,71,,,,,R
2007,11,354,3,5,76,681539.909,3535260.021,SF,M,,,,,65,,,,,R
2008,2,357,3,5,77,681546.502,3535260.344,SF,M,,,,,78,,,,,R
2008,1,356,3,5,77,681546.502,3535260.344,SF,F,,,,,50,,,,,R
2007,12,355,2,6,27,681621.051,3535303.571,SF,F,,,,,98,1B2477,*,,,
2007,9,352,2,6,37,681620.934,3535297.511,SF,M,J,,,,39,4C3621,*,,,
2007,11,354,2,6,71,681582.858,3535271.198,SF,F,J,,,,30,1B6C26,*,,,
2007,8,351,3,24,14,681704.329,3535257.343,SF,M,,,,,84,,,,,R
2008,5,360,3,24,15,681710.667,3535257.747,SF,M,,,,,67,,,,,R
2007,12,355,3,24,27,681723.706,3535252.232,SF,F,,,,,44,,,,,R
2007,10,353,3,24,26,681717.313,3535251.781,SF,M,,,,,100,,,,,R
2008,6,361,3,24,47,681724.067,3535240.025,SF,F,,,,,62,,,,,R
2008,2,357,3,24,57,681724.239,3535233.944,SF,,,,,,,,,,,R
2008,2,357,3,24,65,681711.994,3535226.89,SF,F,,,,,100,,,,,R
2007,5,348,1,8,14,681331.677,3535172.738,SF,M,,,,,78,,,,,
2008,8,364,1,8,15,681338.01,3535173.061,SF,F,,,,P,160,61132A,,,,
2003,5,299,1,8,15,681338.01,3535173.061,SF,F,,,,,76,720568,,0,,
2008,1,356,1,8,17,681350.481,3535173.496,SF,F,,,,,38,2B1E6D,*,,,
2008,4,359,1,8,17,681350.481,3535173.496,SF,M,,,,,62,2B1E6D,,,,
2003,3,298,1,8,25,681338.201,3535166.841,SF,M,,,,,75,123C43,,0,,
2007,12,355,1,8,23,681325.968,3535166.481,SF,M,,,,,42,655867,*,,,
2003,3,297,1,8,23,681325.968,3535166.481,SF,M,,,,,68,123C43,,0,,
2003,3,297,1,8,23,681325.968,3535166.481,SF,F,,,,,52,720568,,0,,
2007,10,353,1,8,23,681325.968,3535166.481,SF,M,,,,,78,763044,*,,,
2007,6,349,1,8,22,681319.265,3535166.41,SF,F,,,,,80,0D226C,*,,,
2008,6,361,1,8,31,681313.53,3535159.413,SF,M,,,,,60,08311B,,,,
2008,11,367,1,8,47,681351.231,3535153.908,SF,M,,,,,61,3B1539,*,,,
2007,11,354,1,8,57,681351.459,3535147.876,SF,M,,,,,45,342208,*,,,
2008,5,360,1,8,57,681351.459,3535147.876,SF,,,,,,62,,,,,E
2007,10,353,1,8,73,681327.005,3535134.145,SF,F,,,,,88,181233,*,,,
2007,6,349,1,8,77,681352.023,3535135.638,SF,M,,,,,120,153722,*,,,
2003,7,302,1,9,11,681388.853,3535173.341,SF,F,,,,,82,701E33,,0,,
2008,2,357,1,9,14,681407.593,3535172.982,SF,F,,,,,42,2D5A65,*,,,
2007,9,352,1,9,17,681427.418,3535173.312,SF,F,,,,,114,0A351D,*,,,
2008,3,358,1,9,25,681414.211,3535166.796,SF,F,,,,,45,4D4D67,*,,,
2008,1,356,1,9,25,681414.211,3535166.796,SF,F,,,,,82,7B1C6C,*,,,
2003,6,301,1,9,25,681414.211,3535166.796,SF,F,,,,,70,4F3D74,,0,,
2007,12,355,1,9,25,681414.211,3535166.796,SF,F,,,,,68,4D4F54,*,,,
2007,11,354,1,9,25,681414.211,3535166.796,SF,M,,,,,58,6D1E46,*,,,
2003,7,302,1,9,21,681389.06,3535166.546,SF,M,,,,,89,96375,,0,,
2008,6,362,1,9,31,681389.18,3535159.976,SF,F,,,,,53,61132A,*,,,
2007,5,348,1,9,34,681407.766,3535160.433,SF,M,,,,,122,,*,,,
2002,12,295,1,9,35,681414.404,3535160.789,SF,,,,,,36,4F3D74,*,0,,
2007,11,354,1,9,43,681401.737,3535154.559,SF,M,,,,,64,43351E,*,,,
2007,10,353,1,9,54,681408.32,3535148.18,SF,F,,,,,98,0A351D,,,,
2007,11,354,1,9,65,681414.68,3535142.22,SF,F,,,,,36,1A1A76,,,,
2007,11,354,1,9,64,681408.186,3535142.007,SF,M,,,,,55,5C2407,*,,,
2007,10,353,1,9,63,681402.004,3535141.85,SF,M,J,,,,20,1A1A76,*,,,
2007,7,350,1,9,71,681389.746,3535135.123,SF,M,,,,,52,0B7951,*,,,
2007,10,353,1,9,76,681421.26,3535135.067,SF,M,,,,,50,292405,*,,,
2002,12,295,1,11,11,681539.359,3535197.463,SF,F,,,,,,,,0,,
2003,3,298,1,11,14,681558.124,3535198.301,SF,F,,,,,83,7F6822,*,0,,
2002,12,294,1,11,47,681577.775,3535180.082,SF,F,,,,,82,764365,*,0,,
2002,11,293,1,12,47,681652.335,3535196.674,SF,M,,,,,92,100449,*,0,,
2007,7,350,1,12,57,681652.362,3535190.224,SF,M,,,,,72,043C2A,*,,,
2002,12,295,2,19,17,681709.226,3535132.899,SF,M,,,,,45,353527,*,0,,
2008,2,357,3,23,14,681697.51,3535056.182,SF,M,,,,,60,,,,,R
2007,9,352,1,22,16,681639.056,3535021.488,SF,M,,,,,52,162F5B,,,,
2008,5,360,1,22,16,681639.056,3535021.488,SF,M,,,,,88,53761C,,,,
2009,4,372,1,22,17,681645.167,3535021.5,SF,M,,,,,65,77356F,,,,
2008,6,361,1,22,17,681645.167,3535021.5,SF,F,,,,,74,264344,*,,,
2008,7,363,1,22,17,681645.167,3535021.5,SF,M,,,,,96,53761C,,,,
2008,2,357,1,22,17,681645.167,3535021.5,SF,M,,,,,43,120F02,,,,
2007,9,352,1,22,27,681645.2,3535015.157,SF,F,,,,P,43,5B706F,*,,,
2008,6,362,1,22,27,681645.2,3535015.157,SF,M,,,,,94,53761C,,,,
2008,1,356,1,22,46,681639.603,3535003.055,SF,F,J,,,,32,515154,*,,,
2007,9,352,1,22,45,681633.094,3535002.891,SF,M,,,,,78,53761C,*,,,
2008,2,357,1,22,52,681614.411,3534995.776,SF,F,,,,,38,515154,,,,
2008,2,357,1,22,54,681626.927,3534996.108,SF,F,,,,,52,24520E,*,,,
2007,12,355,1,22,56,681639.402,3534996.428,SF,F,,,,,45,120F02,*,,,
2003,3,297,1,22,73,681621.141,3534983.14,SF,F,,,,,58,463B26,,0,,
2007,10,353,1,22,75,681633.505,3534983.957,SF,F,,,,,82,000137,*,,,
2002,12,295,1,22,76,681639.688,3534984.119,SF,M,,,,,50,463B26,*,0,,
2008,1,356,1,22,76,681639.688,3534984.119,SF,M,,,,,42,2A363C,*,,,
2007,11,354,2,18,47,681643.14,3535076.871,SF,M,,,,,80,284D0E,,,,
2007,11,354,2,18,46,681637.062,3535076.825,SF,F,,,,,92,751323,,,,
2008,5,360,2,18,46,681637.062,3535076.825,SF,F,,,,,50,,,,,E
2007,12,355,2,18,46,681637.062,3535076.825,SF,M,,,,,74,284D0E,,,,
2007,10,353,2,18,57,681643.309,3535070.835,SF,M,,,,,92,284D0E,,,,
2008,4,359,2,18,57,681643.309,3535070.835,SF,F,,,,,42,515154,,,,
2007,12,355,2,18,57,681643.309,3535070.835,SF,F,,,,,55,4F664C,*,,,
2007,10,353,2,18,71,681606.168,3535056.503,SF,F,,,,,90,751323,*,,,
2007,9,352,2,18,77,681643.499,3535058.507,SF,M,,,,,92,284D0E,*,,,
2009,4,372,1,17,15,681554.961,3535093.222,SF,F,,,,,70,731A5C,,,,
2007,10,353,1,17,17,681567.524,3535094.186,SF,,J,,,,18,055802,*,,,
2008,2,357,1,17,17,681567.524,3535094.186,SF,M,,,,,50,4B3239,*,,,
2008,3,358,1,17,27,681567.436,3535087.605,SF,M,,,,,53,4B3239,,,,
2009,5,373,1,17,26,681561.406,3535087.247,SF,F,,,,,79,731A5C,,,,
2007,10,353,1,17,36,681561.636,3535081.105,SF,M,,,,,82,1F762C,*,,,
2009,6,374,1,17,47,681568.162,3535075.295,SF,F,,,,,82,731A5C,,,,
2008,7,363,1,17,47,681568.162,3535075.295,SF,F,,,,,100,065F33,,,,
2008,5,360,1,17,47,681568.162,3535075.295,SF,F,,,,,58,4A2357,*,,,
2003,5,299,1,17,47,681568.162,3535075.295,SF,F,,,,P,78,7D165B,,0,,
2008,6,361,1,17,46,681561.941,3535074.885,SF,F,,,,,76,31701D,,,,
2008,6,361,1,17,57,681568.307,3535068.875,SF,F,,,,,51,4A2357,,,,
2008,5,360,1,17,57,681568.307,3535068.875,SF,M,,,,,70,4B3239,,,,
2008,4,359,1,17,76,681562.637,3535055.755,SF,F,,,,,92,31701D,*,,,
2007,11,354,2,13,57,681267.205,3535052.353,SF,F,,,,,39,064311,*,,,
2008,6,361,2,13,57,681267.205,3535052.353,SF,F,,,,,56,606921,*,,,
2008,4,359,1,14,25,681329.724,3535074.602,SF,M,,,,,60,08311B,*,,,
2008,2,357,2,15,11,681379.353,3535083.463,SF,F,,,,,45,244F0F,*,,,
2008,1,356,2,15,13,681391.776,3535084.027,SF,F,,,,,45,0A7305,,,,
2008,2,357,2,15,16,681410.58,3535084.945,SF,F,,,,,46,0A7305,,,,
2003,2,296,2,15,27,681416.734,3535078.964,SF,F,,,,,56,720568,*,0,,
2007,12,355,2,15,27,681416.734,3535078.964,SF,F,,,,,44,1B2237,*,,,
2007,12,355,2,15,37,681416.735,3535072.716,SF,F,,,,,43,0A7305,*,,,
2002,12,295,2,15,37,681416.735,3535072.716,SF,M,,,,,68,123C43,*,0,,
2008,1,356,2,15,57,681417.099,3535060.179,SF,M,,,,,76,76541C,*,,,
2008,1,356,2,15,77,681417.158,3535047.706,SF,F,,,,,52,451252,*,,,
2008,3,358,2,15,77,681417.158,3535047.706,SF,F,,,,,48,0A7305,,,,
2008,6,361,3,16,15,681479.193,3535090.177,SF,F,,,,,84,76541C,,,,R
2003,2,296,3,16,17,681491.599,3535090.762,SF,,,,,,,,,,,R
2003,2,296,3,16,17,681491.599,3535090.762,SF,,,,,,,,,,,R
2008,5,360,3,16,27,681491.826,3535084.697,SF,M,,,,,84,,,,,R
2003,3,297,3,16,57,681492.227,3535065.977,SF,M,,,,,42,,,0,,R
2008,6,361,2,21,12,681540.347,3535018.483,SF,F,,,,,63,743635,,,,
2003,5,300,2,21,12,681540.347,3535018.483,SF,M,,,,,97,100449,,0,,
2008,6,361,2,21,13,681545.356,3535018.692,SF,F,,,,,87,065F33,,,,
2008,3,358,2,21,14,681551.622,3535018.813,SF,F,,,,,44,743635,,,,
2008,4,359,2,21,14,681551.622,3535018.813,SF,F,,,,,58,743635,,,,
2008,3,358,2,21,15,681557.769,3535018.572,SF,F,,,,,45,055802,,,,
2008,2,357,2,21,17,681570.33,3535019.224,SF,F,,,,,49,47684B,,,,
2003,5,300,2,21,27,681570.407,3535013.114,SF,F,,,E,,96,7D165B,,0,,D
2003,2,296,2,21,27,681570.407,3535013.114,SF,F,,,,,59,7D165B,*,0,,
2008,4,359,2,21,24,681551.792,3535012.683,SF,F,,,,,80,065F33,,,,
2007,12,355,2,21,24,681551.792,3535012.683,SF,F,,,,,52,47684B,*,,,
2008,6,362,2,21,24,681551.792,3535012.683,SF,F,,,,,59,743635,,,,
2008,3,358,2,21,24,681551.792,3535012.683,SF,F,,,,,50,4F2B53,,,,
2009,1,369,2,21,24,681551.792,3535012.683,SF,M,,,,,74,3B1539,,,,
2007,10,353,2,21,24,681551.792,3535012.683,SF,,,,,,84,,,,,E
2008,1,356,2,21,23,681545.539,3535012.584,SF,F,,,,,45,743635,*,,,
2008,2,357,2,21,23,681545.539,3535012.584,SF,F,,,,,43,743635,,,,
2008,5,360,2,21,22,681539.194,3535012.167,SF,F,,,,,81,065F33,,,,
2008,4,359,2,21,22,681539.194,3535012.167,SF,F,,,,,50,055802,,,,
2009,2,370,2,21,35,681558.122,3535006.501,SF,F,,,,,69,731A5C,,,,
2008,4,359,2,21,43,681546.006,3535000.271,SF,F,,,,,55,406815,,,,
2008,5,360,2,21,42,681539.689,3535000.002,SF,F,,,,,65,406815,,,,
2007,10,353,2,21,51,681533.657,3534993.527,SF,M,,,,,72,4A5713,,,,
2009,3,371,2,21,51,681533.657,3534993.527,SF,F,J,,,,23,28364C,*,,,
2007,9,352,2,21,51,681533.657,3534993.527,SF,M,,,,,72,4A5713,*,,,
2008,1,356,2,21,52,681540.055,3534993.667,SF,F,,,,,55,47684B,,,,
2009,3,371,2,21,52,681540.055,3534993.667,SF,,,,,,,,,,,E
2008,4,359,2,21,52,681540.055,3534993.667,SF,M,,,,,68,212014,,,,
2008,2,357,2,21,52,681540.055,3534993.667,SF,F,,,,,51,406815,,,,
2008,1,356,2,21,56,681564.888,3534994.175,SF,F,,,,,49,3A2317,*,,,
2008,1,356,2,21,67,681571.638,3534988.172,SF,F,,,,,48,4F2B53,*,,,
2008,7,363,2,21,67,681571.638,3534988.172,SF,F,,,,,91,743635,,,,
2008,2,357,2,21,66,681565.087,3534987.891,SF,F,,,,,51,065F33,*,,,
2009,6,374,2,21,62,681540.186,3534987.54,SF,F,,,,,52,000959,*,000960,*,
2009,1,369,2,21,62,681540.186,3534987.54,SF,F,,,,,67,731A5C,*,,,
2008,6,362,2,21,72,681540.3,3534981.018,SF,F,,,,,86,065F33,,,,
2007,12,355,2,21,72,681540.3,3534981.018,SF,F,,,,,51,406815,*,,,
2009,1,369,2,21,73,681546.425,3534981.341,SF,M,,,,,60,77356F,*,,,
2008,2,357,2,21,76,681565.189,3534981.859,SF,M,,,,,51,212014,*,,,
2008,1,356,2,20,12,681464.618,3535005.8,SF,F,,,,,58,0E0F2C,*,,,
2007,12,355,2,20,15,681483.375,3535006.379,SF,M,,,,,72,4A5713,,,,
2008,2,357,2,20,15,681483.375,3535006.379,SF,F,,,,,58,0E0F2C,,,,
2008,5,360,2,20,37,681496.748,3534993.958,SF,F,,,,,80,0E0F2C,,,,
2008,7,363,2,20,37,681496.748,3534993.958,SF,F,,,,,91,47684B,,,,
2007,9,352,2,20,37,681496.748,3534993.958,SF,,,,,,80,,,,,E
2009,4,372,2,20,57,681497.746,3534981.771,SF,F,,,,,37,28364C,,,,
2008,6,361,2,20,57,681497.746,3534981.771,SF,M,,,,,81,420926,,,,
2009,6,374,2,20,57,681497.746,3534981.771,SF,F,,,,,64,28364C,,,,
2008,4,359,2,20,77,681498.976,3534969.393,SF,M,,,,,78,420926,*,,,
2008,5,360,2,20,77,681498.976,3534969.393,SF,M,,,,,90,420926,,,,
2007,5,348,1,1,11,681207.279,3535281.37,SH,M,,,,,120,,,,,
2007,6,349,1,1,11,681207.279,3535281.37,SH,M,,,,,80,122376,*,,,
2007,6,349,1,1,17,681244.224,3535281.574,SH,M,,,,,150,244429,*,,,
2007,6,349,1,1,27,681244.211,3535275.654,SH,F,,,,,,,,,,
2007,3,346,1,1,27,681244.211,3535275.654,SH,M,,,,,130,,,,,
2007,8,351,1,1,27,681244.211,3535275.654,SH,F,,,,,136,341162,*,,,
2006,12,343,1,1,27,681244.211,3535275.654,SH,F,,,,,,484250,*,0,,
2007,6,349,1,1,26,681238.149,3535275.651,SH,F,,,,,90,167356,*,,,
2007,11,354,1,1,25,681231.759,3535275.599,SH,M,,,,,82,032032,,,,
2007,3,346,1,1,23,681219.845,3535275.802,SH,F,,,,,47,,,,,
2007,10,353,1,1,31,681207.319,3535269.088,SH,M,,,,,55,032032,*,,,
2007,6,349,1,1,37,681244.259,3535269.457,SH,M,,,,,168,733B2C,*,,,
2006,12,343,1,1,77,681244.686,3535244.516,SH,M,,,,,54,0,,0,,
2007,6,349,1,2,15,681307.233,3535283.499,SH,F,,,,,160,321610,,,,
2000,7,267,1,2,31,681282.74,3535270.372,SH,,,,,,130,,,,,E
2007,5,348,1,2,33,681294.945,3535271.105,SH,F,,,E,,114,,,,,
2007,3,346,1,2,34,681301.497,3535271.386,SH,M,,,,,100,,,,,
2008,5,360,1,2,37,681320.142,3535272.214,SH,M,,,,,100,31430C,,,,
2007,2,345,1,2,37,681320.142,3535272.214,SH,M,,,,,92,,,,,
2007,4,347,1,2,37,681320.142,3535272.214,SH,F,,,E,,98,321610,,,,
2007,11,354,1,2,37,681320.142,3535272.214,SH,M,,,,,72,31430C,*,,,
2007,1,344,1,2,37,681320.142,3535272.214,SH,F,,,E,,90,321610,,,,
2007,3,346,1,2,37,681320.142,3535272.214,SH,F,,,,,98,321610,,,,
2003,5,300,1,2,47,681320.378,3535265.086,SH,M,,,,,126,171A01,,0,,
2007,4,347,1,2,47,681320.378,3535265.086,SH,M,,,,,112,,,,,
2008,4,359,1,2,47,681320.378,3535265.086,SH,M,,,,,96,270346,*,,,
2007,8,351,1,2,47,681320.378,3535265.086,SH,M,,,,,76,3F6558,*,,,
2001,5,276,1,2,47,681320.378,3535265.086,SH,M,,,,,79,647,*,0,,
2003,5,299,1,2,46,681313.936,3535264.884,SH,F,,,,,102,0F1F74,*,0,,
2006,11,342,1,2,46,681313.936,3535264.884,SH,F,,,,,112,286A2B,*,0,,
2007,5,348,1,2,46,681313.936,3535264.884,SH,F,,,,,110,321610,,,,
2002,11,293,1,2,45,681307.428,3535263.914,SH,M,,,,,,171A01,*,0,,
2007,11,354,1,2,45,681307.428,3535263.914,SH,M,,,,,88,2F5B5B,*,,,
2006,12,343,1,2,45,681307.428,3535263.914,SH,F,,,,,88,321610,*,0,,
2007,3,346,1,2,52,681289.107,3535258.095,SH,F,,,,,112,,,,,
2007,11,354,1,2,54,681301.212,3535258.449,SH,F,,,,,120,6B5863,*,,,
2001,6,277,1,2,55,681307.359,3535258.498,SH,M,,,,,92,1B5B00,*,,,
2007,5,348,1,2,55,681307.359,3535258.498,SH,F,,,,,130,,,,,
2008,4,359,1,2,56,681313.721,3535258.829,SH,F,,,,,82,187A6C,*,,,
2000,6,265,1,2,57,681320.355,3535259.102,SH,M,,,,,48,655,*,0,,
2002,2,285,1,2,65,681307.858,3535252.425,SH,F,,,,,57,26101,*,0,,
2001,10,281,1,2,65,681307.858,3535252.425,SH,F,,,,,101,130167,*,0,,
2007,4,347,1,2,64,681301.431,3535252.109,SH,,,,,,,,,,,E
2008,1,356,1,2,71,681283.161,3535245.256,SH,F,,,,,112,6B5863,,,,
2007,6,349,1,2,71,681283.161,3535245.256,SH,F,,,,,92,4F124B,*,,,
2008,3,358,1,2,71,681283.161,3535245.256,SH,M,,,,,90,544113,*,,,
2003,6,301,1,2,72,681289.665,3535245.266,SH,F,,,,,,0F1F74,,0,,
2002,4,287,1,2,73,681295.364,3535245.413,SH,M,,,,,79,24647B,*,0,,
2007,6,349,1,2,73,681295.364,3535245.413,SH,M,,,,,106,0E085C,*,,,
2003,7,302,1,2,74,681301.634,3535245.835,SH,F,,,,,100,0F1F74,,0,,
2001,11,282,1,2,74,681301.634,3535245.835,SH,M,,,,,65,197C1E,*,0,,
2007,1,344,1,2,74,681301.634,3535245.835,SH,,,,,,140,,,,,E
2008,2,357,2,3,12,681362.693,3535285.172,SH,F,,,,,72,546F78,*,,,
2008,6,361,2,3,12,681362.693,3535285.172,SH,F,,,,,74,546F78,,,,
2008,5,360,2,3,12,681362.693,3535285.172,SH,F,,,,,75,546F78,,,,
2007,2,345,2,3,12,681362.693,3535285.172,SH,F,,,,,80,,,,,
2008,6,362,2,3,12,681362.693,3535285.172,SH,F,,,,,70,546F78,,,,
2006,12,343,2,3,12,681362.693,3535285.172,SH,M,,,,,98,0,,0,,
2007,7,350,2,3,13,681368.743,3535285.446,SH,F,,,,,76,295072,,,,
2007,3,346,2,3,15,681381.567,3535286.302,SH,F,,,,,112,,,,,
2007,5,348,2,3,24,681375.168,3535279.916,SH,F,,,,,78,,,,,
2008,7,363,2,3,21,681356.387,3535279.118,SH,F,,,,,89,546F78,,,,
2007,6,349,2,3,56,681388.25,3535262.196,SH,F,,,,,70,295072,*,,,
2006,12,343,1,4,11,681431.93,3535287.657,SH,F,,,,,110,286A2B,,0,,
2000,1,261,1,4,13,681444.541,3535287.926,SH,M,,,,,72,181,*,0,,
2007,4,347,1,4,14,681450.726,3535287.943,SH,F,,,,,98,,,,,
2007,5,348,1,4,16,681463.088,3535288.421,SH,M,,,,,29,,,,,
2000,4,264,1,4,47,681470.489,3535269.438,SH,M,,,,,92,166,,0,,
2007,11,354,3,5,56,681539.499,3535272.379,SH,F,,,,,102,,,,,R
2008,4,359,3,5,57,681546.357,3535272.758,SH,F,,,,,84,,,,,R
2008,3,358,3,5,77,681546.502,3535260.344,SH,M,,,,,88,,,,,R
2007,7,350,2,6,16,681614.328,3535310.358,SH,M,,,,,120,4A4826,,,,
2007,6,349,2,6,17,681620.994,3535310.521,SH,M,,,,,110,4A4826,*,,,
2002,3,286,2,6,17,681620.994,3535310.521,SH,M,,,,,64,52579,*,0,,
2003,2,296,2,6,17,681620.994,3535310.521,SH,M,,,,,67,3C6847,*,0,,
2001,3,273,2,6,17,681620.994,3535310.521,SH,M,,,,,,,,0,,E
2007,5,348,2,6,17,681620.994,3535310.521,SH,F,,,,,107,,,,,
2003,3,297,2,6,17,681620.994,3535310.521,SH,M,,,,,91,3C6847,,0,,
2003,3,297,2,6,27,681621.051,3535303.571,SH,F,,,,,88,726B2C,*,0,,
2007,7,350,2,6,27,681621.051,3535303.571,SH,F,,,,,136,3B0953,*,,,
2007,11,354,2,6,47,681621.118,3535291.167,SH,F,,,,,62,030634,*,,,
2001,7,278,2,6,54,681601.755,3535284.319,SH,M,J,,,,28,6D5664,*,0,,
2007,12,355,2,6,57,681621.111,3535284.89,SH,F,,,,,70,71564E,*,,,
2001,4,275,2,6,67,681620.864,3535278.634,SH,F,,,E,,132,36661F,*,0,,
2007,11,354,2,6,65,681607.923,3535278.127,SH,M,,,,,64,7D1534,*,,,
2001,5,276,2,6,64,681601.707,3535277.891,SH,F,,,E,,86,635,*,0,,
2002,5,288,2,6,64,681601.707,3535277.891,SH,F,,,,,75,52579,,0,,
2007,7,350,2,6,63,681595.444,3535277.593,SH,M,,,,,62,43515F,*,,,
2007,3,346,2,6,63,681595.444,3535277.593,SH,F,,,,,43,,,,,
2007,5,348,2,6,62,681589.199,3535277.371,SH,F,,,,,109,,,,,
2007,4,347,2,6,61,681583.017,3535277.331,SH,F,,,,,,,,,,
2001,5,276,2,6,73,681595.335,3535271.709,SH,F,,,E,,123,36661F,,0,,
2007,11,354,2,6,74,681601.489,3535271.736,SH,F,,,,,80,0F163A,*,,,
2003,3,298,2,6,74,681601.489,3535271.736,SH,F,,,E,,82,726B2C,,0,,
2007,9,352,3,24,11,681685.335,3535256.259,SH,M,,,,,100,,,,,R
2007,10,353,3,24,14,681704.329,3535257.343,SH,,,,,,,,,,,R
2007,9,352,3,24,15,681710.667,3535257.747,SH,M,,,,,110,,,,,R
2007,9,352,3,24,17,681723.411,3535258.43,SH,M,,,,,78,,,,,R
2008,4,359,3,24,27,681723.706,3535252.232,SH,M,,,,,88,,,,,R
2003,7,302,3,24,32,681692.072,3535244.363,SH,F,,,E,,,,,0,,R
2007,6,349,3,24,33,681698.424,3535244.694,SH,M,,,,,41,,,,,R
2008,5,360,3,24,57,681724.239,3535233.944,SH,,,,,,,,,,,R
2007,9,352,3,24,77,681724.764,3535221.633,SH,F,,,,,144,,,,,R
2007,9,352,3,7,27,681246.668,3535191.137,SH,M,,,,,205,244429,,,,R
2007,3,346,1,8,17,681350.481,3535173.496,SH,F,,,,,110,,,,,
2007,3,346,1,8,23,681325.968,3535166.481,SH,F,J,,,,19,,,,,
2007,3,346,1,8,22,681319.265,3535166.41,SH,F,J,,,,20,,,,,D
2007,6,349,1,8,37,681351.157,3535161.162,SH,F,,,,,90,241238,*,,,
2000,3,263,1,9,11,681388.853,3535173.341,SH,M,,,,,77,166,*,0,,
2007,3,346,1,9,17,681427.418,3535173.312,SH,F,,,,,90,,,,,
2007,3,346,1,9,25,681414.211,3535166.796,SH,M,,,,,116,,,,,
2007,3,346,1,9,21,681389.06,3535166.546,SH,M,,,,,108,,,,,
2007,2,345,1,9,21,681389.06,3535166.546,SH,M,,,,,98,,,,,
2007,4,347,1,9,31,681389.18,3535159.976,SH,M,,,,,130,,,,,
2002,5,288,1,9,77,681427.533,3535136.268,SH,,J,,,,,,,,,E
2007,4,347,1,11,17,681577.14,3535199.27,SH,F,,,,,100,,,,,
2007,6,349,1,11,47,681577.775,3535180.082,SH,M,,,,,142,1A6379,*,,,
2007,3,346,1,11,42,681546.117,3535178.529,SH,M,,,,,114,,,,,
2007,6,349,1,11,56,681571.081,3535173.429,SH,F,,,,,106,170C0D,*,,,
2007,5,348,1,12,14,681633.148,3535214.592,SH,M,,,,,45,,,,,
2007,2,345,1,12,17,681651.821,3535215.389,SH,M,J,,,,41,,,,,
2007,6,349,1,12,17,681651.821,3535215.389,SH,F,J,,,,21,52134B,*,,,
2007,4,347,1,12,17,681651.821,3535215.389,SH,M,,,,,160,,,,,
2007,5,348,1,12,17,681651.821,3535215.389,SH,F,,,E,,120,,,,,
2007,6,349,1,12,27,681651.967,3535209.041,SH,M,J,,,,29,40013D,*,,,
2007,2,345,1,12,26,681645.618,3535208.647,SH,F,,,,,110,,,,,
2000,6,265,1,12,22,681620.722,3535208.02,SH,M,,,,,82,627,*,0,,
2007,5,348,1,12,21,681614.784,3535207.545,SH,M,,,,,168,,,,,
2007,5,348,1,12,32,681621.092,3535200.895,SH,F,,,,,148,,,,,
2007,3,346,1,12,37,681652.017,3535203.27,SH,F,,,,,100,,,,,
2007,4,347,1,12,47,681652.335,3535196.674,SH,F,,,E,,122,,,,,
2007,4,347,1,12,41,681614.727,3535194.917,SH,F,,,,,144,,,,,
2007,11,354,1,12,51,681615.189,3535188.338,SH,F,,,,,49,0A4305,*,,,
2007,5,348,1,12,57,681652.362,3535190.224,SH,F,,,,,140,,,,,
2007,6,349,1,12,57,681652.362,3535190.224,SH,F,,,,,94,34647E,*,,,
2007,2,345,1,12,67,681652.19,3535184.293,SH,F,,,,,80,,,,,
2007,3,346,1,12,66,681646.111,3535183.996,SH,M,,,,,148,,,,,
2007,2,345,1,12,77,681652.419,3535177.117,SH,,,,,,90,,,,,
2007,1,344,1,12,77,681652.419,3535177.117,SH,M,,,,,158,371105,*,,,
2007,4,347,1,12,77,681652.419,3535177.117,SH,F,,,,,132,,,,,
2007,3,346,1,12,77,681652.419,3535177.117,SH,F,,,,,104,,,,,
2007,5,348,2,19,25,681697.363,3535126.946,SH,F,,,,,120,,,,,
2007,7,350,2,19,36,681703.874,3535120.823,SH,F,,,,,72,137D3F,,,,
2007,6,349,2,19,37,681710.07,3535121.002,SH,M,,,,,74,6F4B06,*,,,
2007,5,348,2,19,42,681679.405,3535113.988,SH,M,,,,,120,,,,,
2007,5,348,2,19,55,681699.007,3535108.187,SH,F,,,,,29,,,,,
2007,7,350,2,19,57,681711.433,3535108.66,SH,M,,,,,120,663C55,,,,
2007,7,350,2,19,67,681711.947,3535102.557,SH,F,,,,,121,77531C,*,,,
2007,3,346,2,19,67,681711.947,3535102.557,SH,F,,,,,60,,,,,
2007,6,349,2,19,67,681711.947,3535102.557,SH,M,,,,,114,663C55,*,,,
2007,5,348,2,19,67,681711.947,3535102.557,SH,M,,,,,29,,,,,
2007,4,347,2,19,67,681711.947,3535102.557,SH,M,,,,,100,,,,,
2007,8,351,2,19,73,681687.64,3535095.376,SH,M,,,,,113,6F4B06,,,,
2007,6,349,2,19,77,681712.627,3535095.569,SH,F,,,,,64,137D3F,*,,,
2008,1,356,3,23,57,681718.876,3535032.305,SH,M,,,,,112,,,,,R
2007,6,349,1,22,17,681645.167,3535021.5,SH,,,,,,,,,,,
2007,7,350,1,22,17,681645.167,3535021.5,SH,F,J,,,,38,71615A,*,,,
2007,4,347,1,22,17,681645.167,3535021.5,SH,M,J,,,,23,,,,,
2007,2,345,1,22,27,681645.2,3535015.157,SH,M,,,,,92,,,,,
2007,5,348,1,22,36,681639.144,3535008.993,SH,M,,,,,32,,,,,
2007,4,347,1,22,46,681639.603,3535003.055,SH,F,,,,,98,,,,,
2007,4,347,1,22,45,681633.094,3535002.891,SH,M,,,,,104,,,,,
2007,9,352,1,22,56,681639.402,3534996.428,SH,,,,,,,,,,,E
2007,3,346,1,22,76,681639.688,3534984.119,SH,M,,,,,88,,,,,D
2002,7,290,2,18,27,681642.819,3535089.987,SH,M,,,,,70,713,*,0,,
2007,6,349,2,18,27,681642.819,3535089.987,SH,M,J,,,,26,203864,*,,,
2007,5,348,2,18,27,681642.819,3535089.987,SH,M,,,,,72,,,,,
2007,1,344,2,18,37,681643.136,3535083.474,SH,M,,,,,90,184178,*,,,
2007,4,347,2,18,37,681643.136,3535083.474,SH,F,,,,,142,,,,,
2007,3,346,2,18,37,681643.136,3535083.474,SH,M,,,,,104,,,,,
2007,5,348,2,18,37,681643.136,3535083.474,SH,,,,,,,,,,,E
2007,6,349,2,18,37,681643.136,3535083.474,SH,F,,,,,78,00631D,*,,,
2007,6,349,2,18,47,681643.14,3535076.871,SH,F,,,,,150,76121D,*,,,
2007,3,346,2,18,47,681643.14,3535076.871,SH,M,,,,,132,184178,,,,
2007,8,351,2,18,47,681643.14,3535076.871,SH,F,,,,,112,00631D,,,,
2000,6,265,2,18,47,681643.14,3535076.871,SH,M,J,,,,35,673,*,0,,
2007,2,345,2,18,47,681643.14,3535076.871,SH,M,,,,,98,,,,,
2007,5,348,2,18,47,681643.14,3535076.871,SH,M,,,,,122,,,,,
2007,7,350,2,18,47,681643.14,3535076.871,SH,M,,,,,142,184178,,,,
2007,6,349,2,18,46,681637.062,3535076.825,SH,M,,,,,150,184178,,,,
2007,5,348,2,18,46,681637.062,3535076.825,SH,M,,,,,160,,,,,
2007,6,349,2,18,51,681606.113,3535068.928,SH,M,,,,,132,587958,*,,,
2007,2,345,2,18,55,681630.783,3535070.207,SH,M,,,,,114,184178,,,,
2001,12,283,2,18,56,681637.476,3535070.203,SH,M,J,,,,50,4F5951,*,0,,
2007,8,351,2,18,56,681637.476,3535070.203,SH,M,,,,,158,184178,,,,
2007,7,350,2,18,56,681637.476,3535070.203,SH,F,,,,,146,76121D,,,,
2007,3,346,2,18,56,681637.476,3535070.203,SH,M,,,,,116,,,,,
2007,2,345,2,18,57,681643.309,3535070.835,SH,F,,,,,146,,,,,
2007,7,350,2,18,57,681643.309,3535070.835,SH,F,,,,,74,00631D,,,,
2007,8,351,2,18,67,681643.328,3535064.629,SH,F,,,,,152,76121D,,,,
2007,4,347,2,18,67,681643.328,3535064.629,SH,M,,,,,110,,,,,
2007,5,348,2,18,67,681643.328,3535064.629,SH,M,,,,,122,,,,,
2007,3,346,2,18,67,681643.328,3535064.629,SH,F,,,,,132,,,,,
2007,2,345,2,18,65,681630.84,3535064.063,SH,M,,,,,100,,,,,
2007,5,348,2,18,72,681612.479,3535056.774,SH,M,,,,,52,,,,,
2007,4,347,2,18,75,681631.012,3535057.801,SH,F,,,,,120,,,,,
2007,5,348,1,17,17,681567.524,3535094.186,SH,M,,,,,122,,,,,
2007,6,349,1,17,17,681567.524,3535094.186,SH,F,,,,,33,7A697D,*,,,
2007,7,350,1,17,17,681567.524,3535094.186,SH,M,,,,,68,673F77,*,,,
2006,12,343,1,17,37,681568.023,3535081.405,SH,F,,,,P,148,4C6552,*,0,,
2007,3,346,1,17,37,681568.023,3535081.405,SH,F,,,,,114,4C6552,,,,D
2007,2,345,1,17,37,681568.023,3535081.405,SH,F,,,,,76,,,,,
2007,6,349,1,17,47,681568.162,3535075.295,SH,F,,,,,84,2A5765,*,,,
2007,3,346,1,17,57,681568.307,3535068.875,SH,M,,,,,76,,,,,
2007,2,345,1,17,57,681568.307,3535068.875,SH,F,,,,,102,,,,,
2007,2,345,1,17,62,681537.427,3535061.102,SH,M,,,,,134,,,,,
2007,5,348,1,17,62,681537.427,3535061.102,SH,M,,,,,104,,,,,
2007,4,347,1,17,71,681531.574,3535054.6,SH,M,,,,,140,,,,,
2007,4,347,1,17,72,681537.45,3535054.918,SH,F,,,E,,114,,,,,
2007,2,345,1,17,72,681537.45,3535054.918,SH,F,,,,,86,,,,,
2007,9,352,2,13,11,681229.534,3535075.196,SH,F,,,,,150,0A6766,*,,,
2007,5,348,2,13,12,681235.722,3535075.502,SH,F,,,,,92,,,,,
2007,7,350,2,13,12,681235.722,3535075.502,SH,M,,,,,92,431D42,*,,,
2007,6,349,2,13,15,681254.452,3535076.634,SH,F,,,,,92,42333D,*,,,
2007,7,350,2,13,15,681254.452,3535076.634,SH,F,,,,,84,42333D,,,,
2007,4,347,2,13,16,681260.703,3535077.043,SH,M,,,,,116,,,,,
2007,6,349,2,13,27,681267.038,3535071.12,SH,M,,,,,110,407F66,*,,,
2008,3,358,2,13,27,681267.038,3535071.12,SH,F,,,,,82,782006,,,,
2007,9,352,2,13,26,681260.696,3535070.638,SH,M,,,,,130,460276,,,,
2007,7,350,2,13,26,681260.696,3535070.638,SH,M,,,,,90,460276,,,,
2007,7,350,2,13,31,681229.67,3535062.913,SH,M,,,,,110,407F66,,,,
2007,7,350,2,13,37,681267.111,3535064.877,SH,M,,,,,70,3C7B54,*,,,
2007,5,348,2,13,37,681267.111,3535064.877,SH,M,,,,,122,,,,,
2007,11,354,2,13,37,681267.111,3535064.877,SH,F,,,,,66,782006,,,,
2007,10,353,2,13,47,681267.122,3535058.447,SH,M,,,,,64,450A49,*,,,
2007,6,349,2,13,47,681267.122,3535058.447,SH,M,,,,,92,460276,*,,,
2007,7,350,2,13,47,681267.122,3535058.447,SH,M,,,,,81,757945,*,,,
2007,4,347,2,13,47,681267.122,3535058.447,SH,F,,,,,82,,,,,
2007,10,353,2,13,46,681260.922,3535058.038,SH,F,,,,,60,782006,*,,,
2007,6,349,2,13,46,681260.922,3535058.038,SH,M,,,,,74,470B2C,*,,,
2007,9,352,2,13,42,681236.115,3535056.938,SH,M,J,,,,32,422740,*,,,
2008,1,356,2,13,57,681267.205,3535052.353,SH,F,,,,,66,782006,,,,
2008,4,359,2,13,57,681267.205,3535052.353,SH,F,,,,,84,782006,,,,
2007,2,345,2,13,57,681267.205,3535052.353,SH,M,,,,,90,,,,,
2008,5,360,2,13,57,681267.205,3535052.353,SH,F,,,,,102,782006,,,,
2007,7,350,2,13,57,681267.205,3535052.353,SH,M,,,,,66,170F4C,*,,,
2007,9,352,2,13,57,681267.205,3535052.353,SH,F,,,,,130,285B7F,*,,,
2007,5,348,2,13,74,681248.833,3535038.796,SH,M,,,,,115,,,,,
2007,3,346,1,14,11,681304.662,3535079.264,SH,F,,,,,96,,,,,
2007,4,347,1,14,26,681335.957,3535074.809,SH,F,,,,,112,,,,,
2007,3,346,1,14,36,681335.993,3535068.629,SH,M,,,,,122,,,,,
2007,2,345,1,14,45,681329.965,3535061.79,SH,M,,,,,122,,,,,
2002,4,287,2,15,17,681416.752,3535085.218,SH,M,J,,,,55,191E50,*,0,,
2007,5,348,2,15,17,681416.752,3535085.218,SH,M,,,,,142,,,,,
2007,3,346,2,15,27,681416.734,3535078.964,SH,F,,,,,100,61204A,,,,D
2007,2,345,2,15,27,681416.734,3535078.964,SH,F,,,,,108,,,,,
2007,6,349,2,15,27,681416.734,3535078.964,SH,M,,,,,102,7C2B5B,*,,,
2002,4,287,2,15,27,681416.734,3535078.964,SH,M,,,,,51,44490B,*,0,,
2007,7,350,2,15,26,681410.679,3535078.489,SH,M,,,,,30,406434,*,,,
2000,7,266,2,15,21,681379.55,3535077.03,SH,M,,,,,51,670,*,0,,
2007,7,350,2,15,37,681416.735,3535072.716,SH,F,,,,,72,010A24,*,,,
2002,7,290,2,15,47,681416.848,3535066.457,SH,M,,,,,57,,,0,,D
2006,12,343,2,15,77,681417.158,3535047.706,SH,F,,,,,70,61204A,*,0,,
2007,9,352,2,21,11,681532.815,3535018.658,SH,M,J,,,,18,1C4C5A,*,,,
2007,2,345,2,21,15,681557.769,3535018.572,SH,M,,,,,92,,,,,
2007,4,347,2,21,17,681570.33,3535019.224,SH,F,,,,,84,,,,,
2007,4,347,2,21,17,681570.33,3535019.224,SH,M,,,,,78,,,,,
2007,2,345,2,21,17,681570.33,3535019.224,SH,M,J,,,,25,,,,,
2007,5,348,2,21,27,681570.407,3535013.114,SH,M,,,,,140,,,,,
2007,4,347,2,21,24,681551.792,3535012.683,SH,,,,,,,,,,,E
2007,5,348,2,21,24,681551.792,3535012.683,SH,M,,,,,140,,,,,
2007,5,348,2,21,21,681533.079,3535012.187,SH,M,,,,,122,0E7166,,,,
2007,2,345,2,21,31,681533.211,3535005.841,SH,M,,,,,118,,,,,
2007,6,349,2,21,31,681533.211,3535005.841,SH,,,,,,,,,,,
2007,3,346,2,21,35,681558.122,3535006.501,SH,M,,,,,98,0E7166,,,,
2007,5,348,2,21,35,681558.122,3535006.501,SH,F,,,,,120,,,,,
2007,4,347,2,21,37,681570.658,3535006.736,SH,M,,,,,41,,,,,
2007,4,347,2,21,47,681570.774,3535000.551,SH,F,,,,,54,,,,,
2007,1,344,2,21,45,681558.268,3535000.243,SH,M,,,,,114,0E7166,*,,,
2007,2,345,2,21,45,681558.268,3535000.243,SH,M,,,,,124,,,,,
2007,3,346,2,21,41,681533.429,3534999.873,SH,,,,,,,,,,,E
2007,2,345,2,21,41,681533.429,3534999.873,SH,F,,,,,70,,,,,
2007,5,348,2,21,67,681571.638,3534988.172,SH,F,,,,,58,,,,,
2007,2,345,2,21,65,681558.869,3534987.831,SH,M,,,,,92,0E7166,,,,
2007,6,349,2,21,72,681540.3,3534981.018,SH,,,,,,,,,,,
2007,5,348,2,21,72,681540.3,3534981.018,SH,F,,,,,112,,,,,
2007,3,346,2,21,72,681540.3,3534981.018,SH,F,,,E,,122,,,,,
2007,3,346,2,21,74,681552.672,3534981.322,SH,M,,,,,114,,,,,
2007,12,355,2,21,76,681565.189,3534981.859,SH,F,,,,,45,716D2D,*,,,
2007,7,350,2,20,11,681458.719,3535005.791,SH,M,,,,,72,004760,*,,,
2007,7,350,2,20,14,681477.193,3535006.213,SH,F,,,,,104,6C7729,*,,,
2007,2,345,2,20,15,681483.375,3535006.379,SH,M,,,,,66,,,,,
2007,5,348,2,20,16,681490.599,3535006.5,SH,M,,,,,112,,,,,
2007,4,347,2,20,16,681490.599,3535006.5,SH,,,,,,68,,,,,E
2007,2,345,2,20,16,681490.599,3535006.5,SH,F,J,,,,54,,,,,
2001,12,283,2,20,17,681495.763,3535006.396,SH,M,J,,,,43,0B3E0E,*,0,,
2007,7,350,2,20,31,681459.319,3534993.275,SH,F,J,,,,44,12735A,*,,,
2007,8,351,2,20,37,681496.748,3534993.958,SH,F,,,,,102,12735A,,,,
2007,6,349,2,20,47,681497.13,3534988.259,SH,,,,,,,,,,,
2007,2,345,2,20,74,681480.246,3534968.865,SH,M,,,,,60,,,,,
2006,12,343,2,20,74,681480.246,3534968.865,SH,F,,,,,36,61731F,*,0,,
